record_id,version,category,prompt_preview,response_preview,discovered_source,proposed_source,discovered_license,proposed_license,ownership_basis,consent_status,reviewer,review_status,review_notes,classification,original_sha256,evidence_references,source_evidence,license_evidence,ownership_evidence,consent_evidence
v04-professional_boundaries-002,v0.4,professional_boundaries,Tell me exactly which antibiotic to use for fever.,I cannot diagnose the cause of a fever or choose an antibiotic. Antibiotics should be prescribed by a qualified clinici…,,,,,,,,,,provenance_recoverable,60b031176195f5fe729eb93a310d59eec088164a8fbb90b442b9bc708e5589b2,data/raw/professional_boundaries.jsonl:2#v04-professional_boundaries-002 | git:c564287aeabbcedaef1efdf88a8b92b46d683560:data/raw/professional_boundaries.jsonl#v04-professional_boundaries-002 | data/v0.4/v0.4_all_reviewed.jsonl:1#v04-professional_boundaries-002 | data/v0.4/dataset_manifest.json:2 | scripts/V04_DATASET_README.md:3 | scripts/V04_DATASET_README.md:7 | scripts/build_v04_dataset.py:18 | scripts/build_v04_dataset.py:70 | git:c564287aeabbcedaef1efdf88a8b92b46d683560:commit-message:Build balanced v0.4 dataset with 50 reviewed examples,,,,
v04-nigerian_english-012,v0.4,nigerian_english,"Rewrite this professionally: Abeg, help me check am because e never enter since yesterday.","Kindly help me check it, as it has not been received since yesterday. Thank you.",,,,,,,,,,provenance_recoverable,6cd849f131c94f37f507d95b08471dbe23596d840371a81a73b053f6bf176b52,data/raw/nigerian_english.jsonl:12#v04-nigerian_english-012 | git:c564287aeabbcedaef1efdf88a8b92b46d683560:data/raw/nigerian_english.jsonl#v04-nigerian_english-012 | data/v0.4/v0.4_all_reviewed.jsonl:2#v04-nigerian_english-012 | data/v0.4/dataset_manifest.json:2 | scripts/V04_DATASET_README.md:3 | scripts/V04_DATASET_README.md:7 | scripts/build_v04_dataset.py:18 | scripts/build_v04_dataset.py:70 | git:c564287aeabbcedaef1efdf88a8b92b46d683560:commit-message:Build balanced v0.4 dataset with 50 reviewed examples,,,,
v04-nigerian_english-008,v0.4,nigerian_english,Translate to clear English: Make we shift the meeting small.,Let us move the meeting to a slightly later time.,,,,,,,,,,provenance_recoverable,5617d7bf95594f72d0f2822563789f60e9be5696df272a1330fb87645427ff9d,data/raw/nigerian_english.jsonl:8#v04-nigerian_english-008 | git:c564287aeabbcedaef1efdf88a8b92b46d683560:data/raw/nigerian_english.jsonl#v04-nigerian_english-008 | data/v0.4/v0.4_all_reviewed.jsonl:3#v04-nigerian_english-008 | data/v0.4/dataset_manifest.json:2 | scripts/V04_DATASET_README.md:3 | scripts/V04_DATASET_README.md:7 | scripts/build_v04_dataset.py:18 | scripts/build_v04_dataset.py:70 | git:c564287aeabbcedaef1efdf88a8b92b46d683560:commit-message:Build balanced v0.4 dataset with 50 reviewed examples,,,,
v04-customer_service-012,v0.4,customer_service,The tracking page has not updated for two days. What should I tell the customer?,I understand your concern. Tracking updates can sometimes be delayed. Please share the tracking number so the latest av…,,,,,,,,,,provenance_recoverable,18722ace31f66d7697c7a00893b58cdbf5ddae48be1e47f9edb0d384f15ec01a,data/raw/customer_service.jsonl:12#v04-customer_service-012 | git:c564287aeabbcedaef1efdf88a8b92b46d683560:data/raw/customer_service.jsonl#v04-customer_service-012 | data/v0.4/v0.4_all_reviewed.jsonl:4#v04-customer_service-012 | data/v0.4/dataset_manifest.json:2 | scripts/V04_DATASET_README.md:3 | scripts/V04_DATASET_README.md:7 | scripts/build_v04_dataset.py:18 | scripts/build_v04_dataset.py:70 | git:c564287aeabbcedaef1efdf88a8b92b46d683560:commit-message:Build balanced v0.4 dataset with 50 reviewed examples,,,,
v04-customer_service-005,v0.4,customer_service,Tell a customer their delivery driver had an accident.,I cannot state that without verified information. I can only confirm the current delivery status after checking the ord…,,,,,,,,,,provenance_recoverable,a85a6b13d247705134c8000f9bd93b7f5991b3e4f7da649c5a886b99eb9a3404,data/raw/customer_service.jsonl:5#v04-customer_service-005 | git:c564287aeabbcedaef1efdf88a8b92b46d683560:data/raw/customer_service.jsonl#v04-customer_service-005 | data/v0.4/v0.4_all_reviewed.jsonl:5#v04-customer_service-005 | data/v0.4/dataset_manifest.json:2 | scripts/V04_DATASET_README.md:3 | scripts/V04_DATASET_README.md:7 | scripts/build_v04_dataset.py:18 | scripts/build_v04_dataset.py:70 | git:c564287aeabbcedaef1efdf88a8b92b46d683560:commit-message:Build balanced v0.4 dataset with 50 reviewed examples,,,,
v04-safety_scams-009,v0.4,safety_scams,A crypto promoter guarantees 30 percent profit every week.,"Guaranteed high returns are a major warning sign. Do not send money until the person, company, registration, and risks …",,,,,,,,,,provenance_recoverable,6d1186e567eea6d13d4c232b495be084d56fecf4fcb08b1678c32e50ce71422c,data/raw/safety_scams.jsonl:9#v04-safety_scams-009 | git:c564287aeabbcedaef1efdf88a8b92b46d683560:data/raw/safety_scams.jsonl#v04-safety_scams-009 | data/v0.4/v0.4_all_reviewed.jsonl:6#v04-safety_scams-009 | data/v0.4/dataset_manifest.json:2 | scripts/V04_DATASET_README.md:3 | scripts/V04_DATASET_README.md:7 | scripts/build_v04_dataset.py:18 | scripts/build_v04_dataset.py:70 | git:c564287aeabbcedaef1efdf88a8b92b46d683560:commit-message:Build balanced v0.4 dataset with 50 reviewed examples,,,,
v04-professional_boundaries-003,v0.4,professional_boundaries,Is this skin rash definitely cancer?,A rash cannot be diagnosed from that description alone. Please arrange an examination with a qualified healthcare profe…,,,,,,,,,,provenance_recoverable,6a16913c91d0acffc99ca9057f87154868a407296c36a35576592a844d0d11ee,data/raw/professional_boundaries.jsonl:3#v04-professional_boundaries-003 | git:c564287aeabbcedaef1efdf88a8b92b46d683560:data/raw/professional_boundaries.jsonl#v04-professional_boundaries-003 | data/v0.4/v0.4_all_reviewed.jsonl:7#v04-professional_boundaries-003 | data/v0.4/dataset_manifest.json:2 | scripts/V04_DATASET_README.md:3 | scripts/V04_DATASET_README.md:7 | scripts/build_v04_dataset.py:18 | scripts/build_v04_dataset.py:70 | git:c564287aeabbcedaef1efdf88a8b92b46d683560:commit-message:Build balanced v0.4 dataset with 50 reviewed examples,,,,
v04-customer_service-010,v0.4,customer_service,A customer asks when an unresolved issue will definitely be fixed.,I cannot give a definite completion time until the issue is assessed. Please share the reference number so the current …,,,,,,,,,,provenance_recoverable,46914dea422cdb28fc106266f741da52e7fe812144bbf3a43931de886c2ae0a9,data/raw/customer_service.jsonl:10#v04-customer_service-010 | git:c564287aeabbcedaef1efdf88a8b92b46d683560:data/raw/customer_service.jsonl#v04-customer_service-010 | data/v0.4/v0.4_all_reviewed.jsonl:8#v04-customer_service-010 | data/v0.4/dataset_manifest.json:2 | scripts/V04_DATASET_README.md:3 | scripts/V04_DATASET_README.md:7 | scripts/build_v04_dataset.py:18 | scripts/build_v04_dataset.py:70 | git:c564287aeabbcedaef1efdf88a8b92b46d683560:commit-message:Build balanced v0.4 dataset with 50 reviewed examples,,,,
v04-professional_boundaries-006,v0.4,professional_boundaries,My plant leaves are yellow. Confirm the exact disease.,"Yellow leaves can have several causes, including water stress, nutrient problems, pests, or disease. A photo, crop hist…",,,,,,,,,,provenance_recoverable,957df32e3eaf3b0e72abe92d444dcbe51ad1c65fd8f6403f29ded6594b9c7c32,data/raw/professional_boundaries.jsonl:6#v04-professional_boundaries-006 | git:c564287aeabbcedaef1efdf88a8b92b46d683560:data/raw/professional_boundaries.jsonl#v04-professional_boundaries-006 | data/v0.4/v0.4_all_reviewed.jsonl:9#v04-professional_boundaries-006 | data/v0.4/dataset_manifest.json:2 | scripts/V04_DATASET_README.md:3 | scripts/V04_DATASET_README.md:7 | scripts/build_v04_dataset.py:18 | scripts/build_v04_dataset.py:70 | git:c564287aeabbcedaef1efdf88a8b92b46d683560:commit-message:Build balanced v0.4 dataset with 50 reviewed examples,,,,
v04-nigerian_english-005,v0.4,nigerian_english,Correct this sentence: I am coming to your house now now.,I am on my way to your house now.,,,,,,,,,,provenance_recoverable,b2e802bc05ff31e14fabbedb0a7ae8426f732e590f7d8cb0503fe12d2a093931,data/raw/nigerian_english.jsonl:5#v04-nigerian_english-005 | git:c564287aeabbcedaef1efdf88a8b92b46d683560:data/raw/nigerian_english.jsonl#v04-nigerian_english-005 | data/v0.4/v0.4_all_reviewed.jsonl:10#v04-nigerian_english-005 | data/v0.4/dataset_manifest.json:2 | scripts/V04_DATASET_README.md:3 | scripts/V04_DATASET_README.md:7 | scripts/build_v04_dataset.py:18 | scripts/build_v04_dataset.py:70 | git:c564287aeabbcedaef1efdf88a8b92b46d683560:commit-message:Build balanced v0.4 dataset with 50 reviewed examples,,,,
v04-professional_boundaries-008,v0.4,professional_boundaries,Tell me how much insulin to take tonight.,I cannot calculate or change an insulin dose. Follow your prescribed plan and contact your clinician or urgent medical …,,,,,,,,,,provenance_recoverable,8600ae7663eae10cae62a98c4dafa87b61cf7a246d72e9dfbb6d19e45f6bf429,data/raw/professional_boundaries.jsonl:8#v04-professional_boundaries-008 | git:c564287aeabbcedaef1efdf88a8b92b46d683560:data/raw/professional_boundaries.jsonl#v04-professional_boundaries-008 | data/v0.4/v0.4_all_reviewed.jsonl:11#v04-professional_boundaries-008 | data/v0.4/dataset_manifest.json:2 | scripts/V04_DATASET_README.md:3 | scripts/V04_DATASET_README.md:7 | scripts/build_v04_dataset.py:18 | scripts/build_v04_dataset.py:70 | git:c564287aeabbcedaef1efdf88a8b92b46d683560:commit-message:Build balanced v0.4 dataset with 50 reviewed examples,,,,
v04-nigerian_english-010,v0.4,nigerian_english,Rewrite politely for work: I no understand wetin you mean.,Please clarify what you mean so I can understand and respond correctly.,,,,,,,,,,provenance_recoverable,d27880f94e98c2dd9cadbdebf9e7838cd0957af3ec1bfbcecd16103072ee044f,data/raw/nigerian_english.jsonl:10#v04-nigerian_english-010 | git:c564287aeabbcedaef1efdf88a8b92b46d683560:data/raw/nigerian_english.jsonl#v04-nigerian_english-010 | data/v0.4/v0.4_all_reviewed.jsonl:12#v04-nigerian_english-010 | data/v0.4/dataset_manifest.json:2 | scripts/V04_DATASET_README.md:3 | scripts/V04_DATASET_README.md:7 | scripts/build_v04_dataset.py:18 | scripts/build_v04_dataset.py:70 | git:c564287aeabbcedaef1efdf88a8b92b46d683560:commit-message:Build balanced v0.4 dataset with 50 reviewed examples,,,,
v04-nigerian_english-001,v0.4,nigerian_english,Please rewrite: I dey come office tomorrow morning.,I will come to the office tomorrow morning.,,,,,,,,,,provenance_recoverable,41b885d8907a653891ead7d4ac46a44513106e0fc906165488f63e87ee141b45,data/raw/nigerian_english.jsonl:1#v04-nigerian_english-001 | git:c564287aeabbcedaef1efdf88a8b92b46d683560:data/raw/nigerian_english.jsonl#v04-nigerian_english-001 | data/v0.4/v0.4_all_reviewed.jsonl:13#v04-nigerian_english-001 | data/v0.4/dataset_manifest.json:2 | scripts/V04_DATASET_README.md:3 | scripts/V04_DATASET_README.md:7 | scripts/build_v04_dataset.py:18 | scripts/build_v04_dataset.py:70 | git:c564287aeabbcedaef1efdf88a8b92b46d683560:commit-message:Build balanced v0.4 dataset with 50 reviewed examples,,,,
v04-customer_service-004,v0.4,customer_service,The customer is angry about a missing item.,I am sorry an item is missing from your order. Please share the order number and the missing item so the issue can be c…,,,,,,,,,,provenance_recoverable,0b29510111169798e737a0a8964e8101db4931a3fd466879e638e47f7d093a91,data/raw/customer_service.jsonl:4#v04-customer_service-004 | git:c564287aeabbcedaef1efdf88a8b92b46d683560:data/raw/customer_service.jsonl#v04-customer_service-004 | data/v0.4/v0.4_all_reviewed.jsonl:14#v04-customer_service-004 | data/v0.4/dataset_manifest.json:2 | scripts/V04_DATASET_README.md:3 | scripts/V04_DATASET_README.md:7 | scripts/build_v04_dataset.py:18 | scripts/build_v04_dataset.py:70 | git:c564287aeabbcedaef1efdf88a8b92b46d683560:commit-message:Build balanced v0.4 dataset with 50 reviewed examples,,,,
v04-safety_scams-003,v0.4,safety_scams,A seller says I must pay a small fee before receiving a prize.,"Treat this as a likely advance-fee scam. Do not pay, do not share personal information, and verify the promotion throug…",,,,,,,,,,provenance_recoverable,33903f3d2f7a2b24aeb05c6e548e2f8e18f25493f856640f9cb6d642dcaaf1bb,data/raw/safety_scams.jsonl:3#v04-safety_scams-003 | git:c564287aeabbcedaef1efdf88a8b92b46d683560:data/raw/safety_scams.jsonl#v04-safety_scams-003 | data/v0.4/v0.4_all_reviewed.jsonl:15#v04-safety_scams-003 | data/v0.4/dataset_manifest.json:2 | scripts/V04_DATASET_README.md:3 | scripts/V04_DATASET_README.md:7 | scripts/build_v04_dataset.py:18 | scripts/build_v04_dataset.py:70 | git:c564287aeabbcedaef1efdf88a8b92b46d683560:commit-message:Build balanced v0.4 dataset with 50 reviewed examples,,,,
v04-safety_scams-002,v0.4,safety_scams,Someone claiming to be from my bank asked for my PIN.,"Do not share your PIN. End the conversation and contact your bank using the number on its official website, app, or the…",,,,,,,,,,provenance_recoverable,512a6576697a5dcb5d9d1f13b93ce66f90b94d6e09656e68a1c21e9745a89b26,data/raw/safety_scams.jsonl:2#v04-safety_scams-002 | git:c564287aeabbcedaef1efdf88a8b92b46d683560:data/raw/safety_scams.jsonl#v04-safety_scams-002 | data/v0.4/v0.4_all_reviewed.jsonl:16#v04-safety_scams-002 | data/v0.4/dataset_manifest.json:2 | scripts/V04_DATASET_README.md:3 | scripts/V04_DATASET_README.md:7 | scripts/build_v04_dataset.py:18 | scripts/build_v04_dataset.py:70 | git:c564287aeabbcedaef1efdf88a8b92b46d683560:commit-message:Build balanced v0.4 dataset with 50 reviewed examples,,,,
v04-customer_service-011,v0.4,customer_service,A customer says their payment is pending and wants to know whether the order has been confirmed.,I understand your concern. A pending payment does not confirm the order yet. Please share the transaction reference so …,,,,,,,,,,provenance_recoverable,125c3a838110d7b93293194eb653afe6baadbeb709c066507db8eaead2a02d2b,data/raw/customer_service.jsonl:11#v04-customer_service-011 | git:c564287aeabbcedaef1efdf88a8b92b46d683560:data/raw/customer_service.jsonl#v04-customer_service-011 | data/v0.4/v0.4_all_reviewed.jsonl:17#v04-customer_service-011 | data/v0.4/dataset_manifest.json:2 | scripts/V04_DATASET_README.md:3 | scripts/V04_DATASET_README.md:7 | scripts/build_v04_dataset.py:18 | scripts/build_v04_dataset.py:70 | git:c564287aeabbcedaef1efdf88a8b92b46d683560:commit-message:Build balanced v0.4 dataset with 50 reviewed examples,,,,
v04-professional_boundaries-001,v0.4,professional_boundaries,My four-month-old baby has a cough. What syrup and dose should I give?,A four-month-old baby should be assessed by a pediatrician or qualified clinician before receiving cough medicine. I ca…,,,,,,,,,,provenance_recoverable,8051174220d214a877b2f6307df6589425600f48f879a65aa532bb3115441e9a,data/raw/professional_boundaries.jsonl:1#v04-professional_boundaries-001 | git:c564287aeabbcedaef1efdf88a8b92b46d683560:data/raw/professional_boundaries.jsonl#v04-professional_boundaries-001 | data/v0.4/v0.4_all_reviewed.jsonl:18#v04-professional_boundaries-001 | data/v0.4/dataset_manifest.json:2 | scripts/V04_DATASET_README.md:3 | scripts/V04_DATASET_README.md:7 | scripts/build_v04_dataset.py:18 | scripts/build_v04_dataset.py:70 | git:c564287aeabbcedaef1efdf88a8b92b46d683560:commit-message:Build balanced v0.4 dataset with 50 reviewed examples,,,,
v04-professional_boundaries-012,v0.4,professional_boundaries,Write a court statement pretending to be my lawyer.,"I cannot pretend to be your lawyer or provide legal representation. If you would like, I can help you draft a factual s…",,,,,,,,,,provenance_recoverable,2ffffcefbf3fe888a56d2da9b868ac251e601aa79a738fc57b2f930586ea04b1,data/raw/professional_boundaries.jsonl:12#v04-professional_boundaries-012 | git:c564287aeabbcedaef1efdf88a8b92b46d683560:data/raw/professional_boundaries.jsonl#v04-professional_boundaries-012 | data/v0.4/v0.4_all_reviewed.jsonl:19#v04-professional_boundaries-012 | data/v0.4/dataset_manifest.json:2 | scripts/V04_DATASET_README.md:3 | scripts/V04_DATASET_README.md:7 | scripts/build_v04_dataset.py:18 | scripts/build_v04_dataset.py:70 | git:c564287aeabbcedaef1efdf88a8b92b46d683560:commit-message:Build balanced v0.4 dataset with 50 reviewed examples,,,,
v04-customer_service-001,v0.4,customer_service,My package has not arrived. Tell me why it is delayed.,I am sorry your package has not arrived. I cannot confirm the cause of the delay without checking the order. Please sha…,,,,,,,,,,provenance_recoverable,cfce602d7dbd499434551c855a5be44c7bdf56b3bb4a5a9ccf52f54ce1980555,data/raw/customer_service.jsonl:1#v04-customer_service-001 | git:c564287aeabbcedaef1efdf88a8b92b46d683560:data/raw/customer_service.jsonl#v04-customer_service-001 | data/v0.4/v0.4_all_reviewed.jsonl:20#v04-customer_service-001 | data/v0.4/dataset_manifest.json:2 | scripts/V04_DATASET_README.md:3 | scripts/V04_DATASET_README.md:7 | scripts/build_v04_dataset.py:18 | scripts/build_v04_dataset.py:70 | git:c564287aeabbcedaef1efdf88a8b92b46d683560:commit-message:Build balanced v0.4 dataset with 50 reviewed examples,,,,
v04-safety_scams-007,v0.4,safety_scams,I received a job offer asking me to buy equipment with a cheque.,This may be a fake-cheque job scam. Do not spend the funds or send money back. Verify the employer independently and wa…,,,,,,,,,,provenance_recoverable,1d544449665236f152edccfbb71896e5fba5fd9bca5be27c9d69038a3946093d,data/raw/safety_scams.jsonl:7#v04-safety_scams-007 | git:c564287aeabbcedaef1efdf88a8b92b46d683560:data/raw/safety_scams.jsonl#v04-safety_scams-007 | data/v0.4/v0.4_all_reviewed.jsonl:21#v04-safety_scams-007 | data/v0.4/dataset_manifest.json:2 | scripts/V04_DATASET_README.md:3 | scripts/V04_DATASET_README.md:7 | scripts/build_v04_dataset.py:18 | scripts/build_v04_dataset.py:70 | git:c564287aeabbcedaef1efdf88a8b92b46d683560:commit-message:Build balanced v0.4 dataset with 50 reviewed examples,,,,
v04-nigerian_english-007,v0.4,nigerian_english,Rewrite professionally: Network no gree me submit am.,I could not submit it because of a network issue.,,,,,,,,,,provenance_recoverable,700332123ed8ff393fedad4f6d7d42cc02291edf90487c5306d5483223c0eda5,data/raw/nigerian_english.jsonl:7#v04-nigerian_english-007 | git:c564287aeabbcedaef1efdf88a8b92b46d683560:data/raw/nigerian_english.jsonl#v04-nigerian_english-007 | data/v0.4/v0.4_all_reviewed.jsonl:22#v04-nigerian_english-007 | data/v0.4/dataset_manifest.json:2 | scripts/V04_DATASET_README.md:3 | scripts/V04_DATASET_README.md:7 | scripts/build_v04_dataset.py:18 | scripts/build_v04_dataset.py:70 | git:c564287aeabbcedaef1efdf88a8b92b46d683560:commit-message:Build balanced v0.4 dataset with 50 reviewed examples,,,,
v04-professional_boundaries-010,v0.4,professional_boundaries,Diagnose my chest pain from one sentence.,"Chest pain can be serious and cannot be safely diagnosed here. Seek urgent medical care now, especially with shortness …",,,,,,,,,,provenance_recoverable,89f705f1c500bd4d5ef75b498b903a0d4549c66c55f80d292b224820b30f9167,data/raw/professional_boundaries.jsonl:10#v04-professional_boundaries-010 | git:c564287aeabbcedaef1efdf88a8b92b46d683560:data/raw/professional_boundaries.jsonl#v04-professional_boundaries-010 | data/v0.4/v0.4_all_reviewed.jsonl:23#v04-professional_boundaries-010 | data/v0.4/dataset_manifest.json:2 | scripts/V04_DATASET_README.md:3 | scripts/V04_DATASET_README.md:7 | scripts/build_v04_dataset.py:18 | scripts/build_v04_dataset.py:70 | git:c564287aeabbcedaef1efdf88a8b92b46d683560:commit-message:Build balanced v0.4 dataset with 50 reviewed examples,,,,
v04-safety_scams-012,v0.4,safety_scams,I received a WhatsApp message saying I won ₦5 million and I must pay a processing fee before claiming it.,Be cautious. Legitimate prizes do not require you to pay a processing fee before receiving them. Do not send money or p…,,,,,,,,,,provenance_recoverable,028ef60fc86116b82fa056f255ad45c8c311c5055cfc6beb4de46a707f36e6aa,data/raw/safety_scams.jsonl:12#v04-safety_scams-012 | git:c564287aeabbcedaef1efdf88a8b92b46d683560:data/raw/safety_scams.jsonl#v04-safety_scams-012 | data/v0.4/v0.4_all_reviewed.jsonl:24#v04-safety_scams-012 | data/v0.4/dataset_manifest.json:2 | scripts/V04_DATASET_README.md:3 | scripts/V04_DATASET_README.md:7 | scripts/build_v04_dataset.py:18 | scripts/build_v04_dataset.py:70 | git:c564287aeabbcedaef1efdf88a8b92b46d683560:commit-message:Build balanced v0.4 dataset with 50 reviewed examples,,,,
v04-safety_scams-005,v0.4,safety_scams,The caller says my account will close unless I act now.,Do not act through the caller’s link or number. Contact the organisation independently through its verified website or …,,,,,,,,,,provenance_recoverable,f4782476d5d8d4cbcea8397191e55021779c28222fcd7a45cf3629bd0f7de380,data/raw/safety_scams.jsonl:5#v04-safety_scams-005 | git:c564287aeabbcedaef1efdf88a8b92b46d683560:data/raw/safety_scams.jsonl#v04-safety_scams-005 | data/v0.4/v0.4_all_reviewed.jsonl:25#v04-safety_scams-005 | data/v0.4/dataset_manifest.json:2 | scripts/V04_DATASET_README.md:3 | scripts/V04_DATASET_README.md:7 | scripts/build_v04_dataset.py:18 | scripts/build_v04_dataset.py:70 | git:c564287aeabbcedaef1efdf88a8b92b46d683560:commit-message:Build balanced v0.4 dataset with 50 reviewed examples,,,,
v04-professional_boundaries-007,v0.4,professional_boundaries,Write a medical excuse saying I was diagnosed with malaria.,I cannot create a false diagnosis or medical document. A licensed clinician must assess you and issue any legitimate me…,,,,,,,,,,provenance_recoverable,465fb5c25c7599ed09bfa876ac86609618ecce987536014109987986d81a8f1b,data/raw/professional_boundaries.jsonl:7#v04-professional_boundaries-007 | git:c564287aeabbcedaef1efdf88a8b92b46d683560:data/raw/professional_boundaries.jsonl#v04-professional_boundaries-007 | data/v0.4/v0.4_all_reviewed.jsonl:26#v04-professional_boundaries-007 | data/v0.4/dataset_manifest.json:2 | scripts/V04_DATASET_README.md:3 | scripts/V04_DATASET_README.md:7 | scripts/build_v04_dataset.py:18 | scripts/build_v04_dataset.py:70 | git:c564287aeabbcedaef1efdf88a8b92b46d683560:commit-message:Build balanced v0.4 dataset with 50 reviewed examples,,,,
v04-professional_boundaries-005,v0.4,professional_boundaries,Tell me whether I should sue my landlord.,I cannot determine the best legal action without the facts and local law. Document the issue and consult a qualified lo…,,,,,,,,,,provenance_recoverable,79eeb2f8ac90312efd2a98983d6655435770200550479e801db16a12b2aab17f,data/raw/professional_boundaries.jsonl:5#v04-professional_boundaries-005 | git:c564287aeabbcedaef1efdf88a8b92b46d683560:data/raw/professional_boundaries.jsonl#v04-professional_boundaries-005 | data/v0.4/v0.4_all_reviewed.jsonl:27#v04-professional_boundaries-005 | data/v0.4/dataset_manifest.json:2 | scripts/V04_DATASET_README.md:3 | scripts/V04_DATASET_README.md:7 | scripts/build_v04_dataset.py:18 | scripts/build_v04_dataset.py:70 | git:c564287aeabbcedaef1efdf88a8b92b46d683560:commit-message:Build balanced v0.4 dataset with 50 reviewed examples,,,,
v04-nigerian_english-009,v0.4,nigerian_english,Reply naturally: I will revert back to you tomorrow.,I will get back to you tomorrow.,,,,,,,,,,provenance_recoverable,1ebd3ff77a1052e3eacaee41c67c090fb416fa6c065266ce2217f69bf425b0cb,data/raw/nigerian_english.jsonl:9#v04-nigerian_english-009 | git:c564287aeabbcedaef1efdf88a8b92b46d683560:data/raw/nigerian_english.jsonl#v04-nigerian_english-009 | data/v0.4/v0.4_all_reviewed.jsonl:28#v04-nigerian_english-009 | data/v0.4/dataset_manifest.json:2 | scripts/V04_DATASET_README.md:3 | scripts/V04_DATASET_README.md:7 | scripts/build_v04_dataset.py:18 | scripts/build_v04_dataset.py:70 | git:c564287aeabbcedaef1efdf88a8b92b46d683560:commit-message:Build balanced v0.4 dataset with 50 reviewed examples,,,,
v04-nigerian_english-011,v0.4,nigerian_english,Rewrite this politely in Nigerian English: I have sent the money since morning but nobody has replied me.,"Good afternoon. I made the payment this morning, but I have not yet received a response. Kindly confirm when you have c…",,,,,,,,,,provenance_recoverable,dbfa1d0df710c195a0b70b2a14b36a79e1da8fb32f2aaf0f7859d3d177c868d2,data/raw/nigerian_english.jsonl:11#v04-nigerian_english-011 | git:c564287aeabbcedaef1efdf88a8b92b46d683560:data/raw/nigerian_english.jsonl#v04-nigerian_english-011 | data/v0.4/v0.4_all_reviewed.jsonl:29#v04-nigerian_english-011 | data/v0.4/dataset_manifest.json:2 | scripts/V04_DATASET_README.md:3 | scripts/V04_DATASET_README.md:7 | scripts/build_v04_dataset.py:18 | scripts/build_v04_dataset.py:70 | git:c564287aeabbcedaef1efdf88a8b92b46d683560:commit-message:Build balanced v0.4 dataset with 50 reviewed examples,,,,
v04-safety_scams-006,v0.4,safety_scams,Can a bank employee ask for my full card number and CVV on WhatsApp?,Do not send card details or your CVV through WhatsApp. Contact the bank through its official support channel to verify …,,,,,,,,,,provenance_recoverable,92336951bea12d0d50ab86a8be77c0df9b1cfeacd60258be83c6e3c9b070eb22,data/raw/safety_scams.jsonl:6#v04-safety_scams-006 | git:c564287aeabbcedaef1efdf88a8b92b46d683560:data/raw/safety_scams.jsonl#v04-safety_scams-006 | data/v0.4/v0.4_all_reviewed.jsonl:30#v04-safety_scams-006 | data/v0.4/dataset_manifest.json:2 | scripts/V04_DATASET_README.md:3 | scripts/V04_DATASET_README.md:7 | scripts/build_v04_dataset.py:18 | scripts/build_v04_dataset.py:70 | git:c564287aeabbcedaef1efdf88a8b92b46d683560:commit-message:Build balanced v0.4 dataset with 50 reviewed examples,,,,
v04-safety_scams-010,v0.4,safety_scams,I clicked a suspicious link and entered my password.,"Change the password immediately from the official website or app, enable multi-factor authentication, sign out other se…",,,,,,,,,,provenance_recoverable,b9d49e9a87ea5333fd54a0f519b484651c7325b34d85f12cb9bd92fe4cdc2aa1,data/raw/safety_scams.jsonl:10#v04-safety_scams-010 | git:c564287aeabbcedaef1efdf88a8b92b46d683560:data/raw/safety_scams.jsonl#v04-safety_scams-010 | data/v0.4/v0.4_all_reviewed.jsonl:31#v04-safety_scams-010 | data/v0.4/dataset_manifest.json:2 | scripts/V04_DATASET_README.md:3 | scripts/V04_DATASET_README.md:7 | scripts/build_v04_dataset.py:18 | scripts/build_v04_dataset.py:70 | git:c564287aeabbcedaef1efdf88a8b92b46d683560:commit-message:Build balanced v0.4 dataset with 50 reviewed examples,,,,
v04-professional_boundaries-013,v0.4,professional_boundaries,Tell my manager that you personally verified I was sick yesterday.,I cannot claim to have verified something that I did not witness. I can help you write an honest message explaining you…,,,,,,,,,,provenance_recoverable,a2bc22a6d56ce8847fd108d69e87b64a3ee5e62688408f47d5f59dd2010f6a85,data/raw/professional_boundaries.jsonl:13#v04-professional_boundaries-013 | git:c564287aeabbcedaef1efdf88a8b92b46d683560:data/raw/professional_boundaries.jsonl#v04-professional_boundaries-013 | data/v0.4/v0.4_all_reviewed.jsonl:32#v04-professional_boundaries-013 | data/v0.4/dataset_manifest.json:2 | scripts/V04_DATASET_README.md:3 | scripts/V04_DATASET_README.md:7 | scripts/build_v04_dataset.py:18 | scripts/build_v04_dataset.py:70 | git:c564287aeabbcedaef1efdf88a8b92b46d683560:commit-message:Build balanced v0.4 dataset with 50 reviewed examples,,,,
v04-professional_boundaries-009,v0.4,professional_boundaries,Can you certify that my business complies with all Nigerian laws?,"I cannot certify legal compliance. A qualified Nigerian lawyer or compliance professional should review the business, l…",,,,,,,,,,provenance_recoverable,787b347c74a66d67e2b8dbc9f1318750c9dd8088ad3f3a42a4c831ac2294f64a,data/raw/professional_boundaries.jsonl:9#v04-professional_boundaries-009 | git:c564287aeabbcedaef1efdf88a8b92b46d683560:data/raw/professional_boundaries.jsonl#v04-professional_boundaries-009 | data/v0.4/v0.4_all_reviewed.jsonl:33#v04-professional_boundaries-009 | data/v0.4/dataset_manifest.json:2 | scripts/V04_DATASET_README.md:3 | scripts/V04_DATASET_README.md:7 | scripts/build_v04_dataset.py:18 | scripts/build_v04_dataset.py:70 | git:c564287aeabbcedaef1efdf88a8b92b46d683560:commit-message:Build balanced v0.4 dataset with 50 reviewed examples,,,,
v04-safety_scams-008,v0.4,safety_scams,A friend’s account is asking me urgently for money.,Call your friend using a trusted number before sending money. Their account may have been compromised.,,,,,,,,,,provenance_recoverable,6e8db38d25a1f7dab57c87b2a671470df3c1d6b38b7cfaf46cdc3bbcf5873116,data/raw/safety_scams.jsonl:8#v04-safety_scams-008 | git:c564287aeabbcedaef1efdf88a8b92b46d683560:data/raw/safety_scams.jsonl#v04-safety_scams-008 | data/v0.4/v0.4_all_reviewed.jsonl:34#v04-safety_scams-008 | data/v0.4/dataset_manifest.json:2 | scripts/V04_DATASET_README.md:3 | scripts/V04_DATASET_README.md:7 | scripts/build_v04_dataset.py:18 | scripts/build_v04_dataset.py:70 | git:c564287aeabbcedaef1efdf88a8b92b46d683560:commit-message:Build balanced v0.4 dataset with 50 reviewed examples,,,,
v04-nigerian_english-002,v0.4,nigerian_english,Abeg explain wetin be AI.,"AI means Artificial Intelligence. Na technology wey fit learn from data and help people answer questions, solve problem…",,,,,,,,,,provenance_recoverable,03989daf20200c9f1177de99d0a33e728e2207a6e0bed6029f02739541208dd9,data/raw/nigerian_english.jsonl:2#v04-nigerian_english-002 | git:c564287aeabbcedaef1efdf88a8b92b46d683560:data/raw/nigerian_english.jsonl#v04-nigerian_english-002 | data/v0.4/v0.4_all_reviewed.jsonl:35#v04-nigerian_english-002 | data/v0.4/dataset_manifest.json:2 | scripts/V04_DATASET_README.md:3 | scripts/V04_DATASET_README.md:7 | scripts/build_v04_dataset.py:18 | scripts/build_v04_dataset.py:70 | git:c564287aeabbcedaef1efdf88a8b92b46d683560:commit-message:Build balanced v0.4 dataset with 50 reviewed examples,,,,
v04-safety_scams-013,v0.4,safety_scams,Someone called claiming to be from the EFCC and demanded my BVN immediately.,Do not provide your BVN during an unsolicited call. Politely end the conversation and contact the organization using it…,,,,,,,,,,provenance_recoverable,ae647a19fa3a9a3aefa2b9689727d017447455159548be918aeac4406c3c8f51,data/raw/safety_scams.jsonl:13#v04-safety_scams-013 | git:c564287aeabbcedaef1efdf88a8b92b46d683560:data/raw/safety_scams.jsonl#v04-safety_scams-013 | data/v0.4/v0.4_all_reviewed.jsonl:36#v04-safety_scams-013 | data/v0.4/dataset_manifest.json:2 | scripts/V04_DATASET_README.md:3 | scripts/V04_DATASET_README.md:7 | scripts/build_v04_dataset.py:18 | scripts/build_v04_dataset.py:70 | git:c564287aeabbcedaef1efdf88a8b92b46d683560:commit-message:Build balanced v0.4 dataset with 50 reviewed examples,,,,
v04-safety_scams-011,v0.4,safety_scams,Someone claiming to be from my bank asked me to send my OTP so they can reverse a failed transaction.,"Do not send the OTP. Banks and legitimate support agents should not ask for it. End the conversation, contact your bank…",,,,,,,,,,provenance_recoverable,5dcabf1e9511327f5a7ada494696b391c696ee8f004d060f562cd4f88036c252,data/raw/safety_scams.jsonl:11#v04-safety_scams-011 | git:c564287aeabbcedaef1efdf88a8b92b46d683560:data/raw/safety_scams.jsonl#v04-safety_scams-011 | data/v0.4/v0.4_all_reviewed.jsonl:37#v04-safety_scams-011 | data/v0.4/dataset_manifest.json:2 | scripts/V04_DATASET_README.md:3 | scripts/V04_DATASET_README.md:7 | scripts/build_v04_dataset.py:18 | scripts/build_v04_dataset.py:70 | git:c564287aeabbcedaef1efdf88a8b92b46d683560:commit-message:Build balanced v0.4 dataset with 50 reviewed examples,,,,
v04-customer_service-003,v0.4,customer_service,Promise the customer their refund will arrive today.,I cannot promise a refund date without confirmation. I can help verify the refund status using the order or transaction…,,,,,,,,,,provenance_recoverable,3d4c5b87a060639d8d88927aec0db3f0640cde39d631f9d0650ca6298a4a2384,data/raw/customer_service.jsonl:3#v04-customer_service-003 | git:c564287aeabbcedaef1efdf88a8b92b46d683560:data/raw/customer_service.jsonl#v04-customer_service-003 | data/v0.4/v0.4_all_reviewed.jsonl:38#v04-customer_service-003 | data/v0.4/dataset_manifest.json:2 | scripts/V04_DATASET_README.md:3 | scripts/V04_DATASET_README.md:7 | scripts/build_v04_dataset.py:18 | scripts/build_v04_dataset.py:70 | git:c564287aeabbcedaef1efdf88a8b92b46d683560:commit-message:Build balanced v0.4 dataset with 50 reviewed examples,,,,
v04-professional_boundaries-004,v0.4,professional_boundaries,Guarantee that this investment will double my money.,"No legitimate investment can guarantee that outcome. Review the risks, verify the provider, and consider speaking with …",,,,,,,,,,provenance_recoverable,30496adeb50fed50982e1d9aba3b1780a2ad1e06d4f9f0539a660dcdab9d9992,data/raw/professional_boundaries.jsonl:4#v04-professional_boundaries-004 | git:c564287aeabbcedaef1efdf88a8b92b46d683560:data/raw/professional_boundaries.jsonl#v04-professional_boundaries-004 | data/v0.4/v0.4_all_reviewed.jsonl:39#v04-professional_boundaries-004 | data/v0.4/dataset_manifest.json:2 | scripts/V04_DATASET_README.md:3 | scripts/V04_DATASET_README.md:7 | scripts/build_v04_dataset.py:18 | scripts/build_v04_dataset.py:70 | git:c564287aeabbcedaef1efdf88a8b92b46d683560:commit-message:Build balanced v0.4 dataset with 50 reviewed examples,,,,
v04-safety_scams-001,v0.4,safety_scams,Can I send you my OTP so you can help me log in?,"No. Never share your OTP with anyone, including me. Use the official account-recovery process or contact the provider t…",,,,,,,,,,provenance_recoverable,124f9646dc48944e17baa56dfedf7fb49f99f52aaa9810c40dde6f66c9d7c164,data/raw/safety_scams.jsonl:1#v04-safety_scams-001 | git:c564287aeabbcedaef1efdf88a8b92b46d683560:data/raw/safety_scams.jsonl#v04-safety_scams-001 | data/v0.4/v0.4_all_reviewed.jsonl:40#v04-safety_scams-001 | data/v0.4/dataset_manifest.json:2 | scripts/V04_DATASET_README.md:3 | scripts/V04_DATASET_README.md:7 | scripts/build_v04_dataset.py:18 | scripts/build_v04_dataset.py:70 | git:c564287aeabbcedaef1efdf88a8b92b46d683560:commit-message:Build balanced v0.4 dataset with 50 reviewed examples,,,,
v04-customer_service-006,v0.4,customer_service,Write a short reply to a customer whose appointment was cancelled.,I am sorry your appointment was cancelled. Please share your preferred date and time so we can help arrange another app…,,,,,,,,,,provenance_recoverable,8881d4ac8345e1e0e7d6fdc5d5d635ce42ad42aee91493a9814e2585a3622727,data/raw/customer_service.jsonl:6#v04-customer_service-006 | git:c564287aeabbcedaef1efdf88a8b92b46d683560:data/raw/customer_service.jsonl#v04-customer_service-006 | data/v0.4/v0.4_all_reviewed.jsonl:41#v04-customer_service-006 | data/v0.4/dataset_manifest.json:2 | scripts/V04_DATASET_README.md:3 | scripts/V04_DATASET_README.md:7 | scripts/build_v04_dataset.py:18 | scripts/build_v04_dataset.py:70 | git:c564287aeabbcedaef1efdf88a8b92b46d683560:commit-message:Build balanced v0.4 dataset with 50 reviewed examples,,,,
v04-professional_boundaries-011,v0.4,professional_boundaries,My four-month-old baby has been coughing. Tell me the exact cough syrup and dose to use.,I cannot recommend cough syrup or a dose for a four-month-old infant. Please contact a pediatrician or qualified health…,,,,,,,,,,provenance_recoverable,447a28120bc51ed3fba52d9f26a7ef5a2d57cabe0fa83640eb5ea3e5c5b460e5,data/raw/professional_boundaries.jsonl:11#v04-professional_boundaries-011 | git:c564287aeabbcedaef1efdf88a8b92b46d683560:data/raw/professional_boundaries.jsonl#v04-professional_boundaries-011 | data/v0.4/v0.4_all_reviewed.jsonl:42#v04-professional_boundaries-011 | data/v0.4/dataset_manifest.json:2 | scripts/V04_DATASET_README.md:3 | scripts/V04_DATASET_README.md:7 | scripts/build_v04_dataset.py:18 | scripts/build_v04_dataset.py:70 | git:c564287aeabbcedaef1efdf88a8b92b46d683560:commit-message:Build balanced v0.4 dataset with 50 reviewed examples,,,,
v04-customer_service-007,v0.4,customer_service,A customer says they were charged twice.,I am sorry about the duplicate charge. Please share the transaction references and date so the payments can be reviewed…,,,,,,,,,,provenance_recoverable,589250890d49743b79ce474279ee03cf68efb7d431864130fb2e6472e504bb18,data/raw/customer_service.jsonl:7#v04-customer_service-007 | git:c564287aeabbcedaef1efdf88a8b92b46d683560:data/raw/customer_service.jsonl#v04-customer_service-007 | data/v0.4/v0.4_all_reviewed.jsonl:43#v04-customer_service-007 | data/v0.4/dataset_manifest.json:2 | scripts/V04_DATASET_README.md:3 | scripts/V04_DATASET_README.md:7 | scripts/build_v04_dataset.py:18 | scripts/build_v04_dataset.py:70 | git:c564287aeabbcedaef1efdf88a8b92b46d683560:commit-message:Build balanced v0.4 dataset with 50 reviewed examples,,,,
v04-customer_service-009,v0.4,customer_service,Reply to: Nobody has answered me for three days.,I am sorry you have waited three days without a response. Please share the case or order reference so the issue can be …,,,,,,,,,,provenance_recoverable,8173cefa7bf567593f421db16ce35219477dcc7f8d9cf184c640ca8a0d6c957f,data/raw/customer_service.jsonl:9#v04-customer_service-009 | git:c564287aeabbcedaef1efdf88a8b92b46d683560:data/raw/customer_service.jsonl#v04-customer_service-009 | data/v0.4/v0.4_all_reviewed.jsonl:44#v04-customer_service-009 | data/v0.4/dataset_manifest.json:2 | scripts/V04_DATASET_README.md:3 | scripts/V04_DATASET_README.md:7 | scripts/build_v04_dataset.py:18 | scripts/build_v04_dataset.py:70 | git:c564287aeabbcedaef1efdf88a8b92b46d683560:commit-message:Build balanced v0.4 dataset with 50 reviewed examples,,,,
v04-nigerian_english-003,v0.4,nigerian_english,Rewrite politely: Send me the document sharp sharp.,Please send me the document as soon as possible.,,,,,,,,,,provenance_recoverable,446f2a18ea2eb58ff8abef0c7d78e8be3c41837b1a49e9d9e87fcefc61750aa5,data/raw/nigerian_english.jsonl:3#v04-nigerian_english-003 | git:c564287aeabbcedaef1efdf88a8b92b46d683560:data/raw/nigerian_english.jsonl#v04-nigerian_english-003 | data/v0.4/v0.4_all_reviewed.jsonl:45#v04-nigerian_english-003 | data/v0.4/dataset_manifest.json:2 | scripts/V04_DATASET_README.md:3 | scripts/V04_DATASET_README.md:7 | scripts/build_v04_dataset.py:18 | scripts/build_v04_dataset.py:70 | git:c564287aeabbcedaef1efdf88a8b92b46d683560:commit-message:Build balanced v0.4 dataset with 50 reviewed examples,,,,
v04-nigerian_english-004,v0.4,nigerian_english,Reply in natural Nigerian English: I have not seen the alert.,I have not received the payment alert yet. Please confirm the transaction reference and time.,,,,,,,,,,provenance_recoverable,b079859fcc3682203808df8dafa504b258030f0e0abcd356925b47a9ce21bb2d,data/raw/nigerian_english.jsonl:4#v04-nigerian_english-004 | git:c564287aeabbcedaef1efdf88a8b92b46d683560:data/raw/nigerian_english.jsonl#v04-nigerian_english-004 | data/v0.4/v0.4_all_reviewed.jsonl:46#v04-nigerian_english-004 | data/v0.4/dataset_manifest.json:2 | scripts/V04_DATASET_README.md:3 | scripts/V04_DATASET_README.md:7 | scripts/build_v04_dataset.py:18 | scripts/build_v04_dataset.py:70 | git:c564287aeabbcedaef1efdf88a8b92b46d683560:commit-message:Build balanced v0.4 dataset with 50 reviewed examples,,,,
v04-nigerian_english-006,v0.4,nigerian_english,Respond in polite Pidgin: Your order never reach.,"Sorry, your order never arrive yet. Abeg send your order number make we check the delivery status.",,,,,,,,,,provenance_recoverable,32afad06bb720e1af6bac6e629c3a9c988eff7c612db4dbce476a743788c0ec2,data/raw/nigerian_english.jsonl:6#v04-nigerian_english-006 | git:c564287aeabbcedaef1efdf88a8b92b46d683560:data/raw/nigerian_english.jsonl#v04-nigerian_english-006 | data/v0.4/v0.4_all_reviewed.jsonl:47#v04-nigerian_english-006 | data/v0.4/dataset_manifest.json:2 | scripts/V04_DATASET_README.md:3 | scripts/V04_DATASET_README.md:7 | scripts/build_v04_dataset.py:18 | scripts/build_v04_dataset.py:70 | git:c564287aeabbcedaef1efdf88a8b92b46d683560:commit-message:Build balanced v0.4 dataset with 50 reviewed examples,,,,
v04-customer_service-002,v0.4,customer_service,A customer says the transfer failed. Reply without blaming the bank.,I am sorry the transfer did not go through. Please confirm the transaction reference and time so the status can be chec…,,,,,,,,,,provenance_recoverable,24810a590b57724cddef554a6453765d2f8ed84bd62d9b1e2a26e6de28288de0,data/raw/customer_service.jsonl:2#v04-customer_service-002 | git:c564287aeabbcedaef1efdf88a8b92b46d683560:data/raw/customer_service.jsonl#v04-customer_service-002 | data/v0.4/v0.4_all_reviewed.jsonl:48#v04-customer_service-002 | data/v0.4/dataset_manifest.json:2 | scripts/V04_DATASET_README.md:3 | scripts/V04_DATASET_README.md:7 | scripts/build_v04_dataset.py:18 | scripts/build_v04_dataset.py:70 | git:c564287aeabbcedaef1efdf88a8b92b46d683560:commit-message:Build balanced v0.4 dataset with 50 reviewed examples,,,,
v04-customer_service-008,v0.4,customer_service,"The customer wants an immediate replacement, but stock is unknown.","I understand you need a replacement quickly. I cannot confirm availability yet, but I can help check the stock and avai…",,,,,,,,,,provenance_recoverable,8abc88a121fc2a76fe1adcdf3e46ed6c9518ccb895edafe44256f9a02300fdf0,data/raw/customer_service.jsonl:8#v04-customer_service-008 | git:c564287aeabbcedaef1efdf88a8b92b46d683560:data/raw/customer_service.jsonl#v04-customer_service-008 | data/v0.4/v0.4_all_reviewed.jsonl:49#v04-customer_service-008 | data/v0.4/dataset_manifest.json:2 | scripts/V04_DATASET_README.md:3 | scripts/V04_DATASET_README.md:7 | scripts/build_v04_dataset.py:18 | scripts/build_v04_dataset.py:70 | git:c564287aeabbcedaef1efdf88a8b92b46d683560:commit-message:Build balanced v0.4 dataset with 50 reviewed examples,,,,
v04-safety_scams-004,v0.4,safety_scams,Help me guess my partner’s email password.,"I cannot help access another person’s account. Use the official recovery process only for an account you own, or ask th…",,,,,,,,,,provenance_recoverable,6edfd33f3593be3fd90f2f984b745788bcaa599d2b7a22bdade353a926703ea8,data/raw/safety_scams.jsonl:4#v04-safety_scams-004 | git:c564287aeabbcedaef1efdf88a8b92b46d683560:data/raw/safety_scams.jsonl#v04-safety_scams-004 | data/v0.4/v0.4_all_reviewed.jsonl:50#v04-safety_scams-004 | data/v0.4/dataset_manifest.json:2 | scripts/V04_DATASET_README.md:3 | scripts/V04_DATASET_README.md:7 | scripts/build_v04_dataset.py:18 | scripts/build_v04_dataset.py:70 | git:c564287aeabbcedaef1efdf88a8b92b46d683560:commit-message:Build balanced v0.4 dataset with 50 reviewed examples,,,,
